{
  "imagenet": {
    "mean": [
      0.485,
      0.456,
      0.406
    ],
    "std": [
      0.229,
      0.224,
      0.225
    ]
  },
  "skinex": {
    "mean": [
      0.6206902861595154,
      0.3904952108860016,
      0.3937219977378845
    ],
    "std": [
      0.0433496385812759,
      0.0603998564183712,
      0.0593763887882232
    ]
  }
}
